MCC NEW YORK,0.0,No Longer Available,Suspended,2024-02-16 10:38:33 PST
MCC NEW YORK,0.0,No Longer Available,Suspended,2024-02-20 10:33:39 PST
MCC NEW YORK,0.0,No Longer Available,Suspended,2024-02-18 15:03:47 PST
MCC NEW YORK,0.0,No Longer Available,Suspended,2024-02-19 08:10:46 PST
MCC NEW YORK,0.0,No Longer Available,Suspended,2024-02-27 07:23:56 PST
MCC NEW YORK,0.0,No Longer Available,Suspended,2024-02-26 18:36:15 PST
MCC NEW YORK,0.0,No Longer Available,Suspended,2024-03-01 10:31:49 PST
MCC NEW YORK,0.0,No Longer Available,Suspended,2024-02-13 10:51:25 PST
MCC NEW YORK,0.0,No Longer Available,Suspended,2024-02-23 12:51:00 PST
MCC NEW YORK,0.0,No Longer Available,Suspended,2024-02-24 11:46:51 PST
MCC NEW YORK,0.0,No Longer Available,Suspended,2024-02-08 14:21:44 PST
MCC NEW YORK,0.0,No Longer Available,Suspended,2024-03-03 21:20:46 PST
MCC NEW YORK,0.0,No Longer Available,Suspended,2024-03-19 10:18:14 PDT
MCC NEW YORK,0.0,No Longer Available,Suspended,2024-02-07 19:27:34 PST
MCC NEW YORK,0.0,No Longer Available,Suspended,2024-03-21 10:25:27 PDT
MCC NEW YORK,0.0,No Longer Available,Suspended,2024-02-09 10:28:48 PST
MCC NEW YORK,0.0,No Longer Available,Suspended,2024-01-19 10:42:53 PST
MCC NEW YORK,0.0,No Longer Available,Suspended,2024-03-20 10:20:43 PDT
MCC NEW YORK,0.0,No Longer Available,Suspended,2024-02-01 14:20:55 PST
MCC NEW YORK,0.0,No Longer Available,Suspended,2024-02-10 18:00:23 PST
MCC NEW YORK,0.0,No Longer Available,Suspended,2024-02-02 23:14:21 PST
MCC NEW YORK,0.0,No Longer Available,Suspended,2024-02-03 19:43:34 PST
MCC NEW YORK,0.0,No Longer Available,Suspended,2024-02-06 14:34:52 PST
MCC NEW YORK,0.0,No Longer Available,Suspended,2024-01-23 10:26:28 PST
MCC NEW YORK,0.0,No Longer Available,Suspended,2024-02-12 09:38:06 PST
MCC NEW YORK,0.0,No Longer Available,Suspended,2024-01-22 10:24:52 PST
MCC NEW YORK,0.0,No Longer Available,Suspended,2024-01-24 09:20:15 PST
MCC NEW YORK,0.0,No Longer Available,Suspended,2024-02-03 09:38:07 PST
MCC NEW YORK,0.0,No Longer Available,Suspended,2024-02-05 11:34:25 PST
MCC NEW YORK,0.0,No Longer Available,Suspended,2024-01-30 14:27:55 PST
MCC NEW YORK,0.0,No Longer Available,Suspended,2024-02-11 11:11:53 PST
MCC NEW YORK,0.0,No Longer Available,Suspended,2024-01-28 20:38:40 PST
MCC NEW YORK,0.0,No Longer Available,Suspended,2024-01-26 10:30:56 PST
MCC NEW YORK,0.0,No Longer Available,Suspended,2024-01-27 14:55:37 PST
MCC NEW YORK,0.0,No Longer Available,Suspended,2024-01-11 12:28:23 PST
MCC NEW YORK,0.0,No Longer Available,Suspended,2024-02-04 12:52:11 PST
MCC NEW YORK,0.0,No Longer Available,Suspended,2024-01-18 10:32:31 PST
MCC NEW YORK,0.0,No Longer Available,Suspended,2024-01-29 10:01:33 PST
MCC NEW YORK,0.0,No Longer Available,Suspended,2024-01-13 13:02:37 PST
MCC NEW YORK,0.0,No Longer Available,Suspended,2024-01-17 10:28:53 PST
MCC NEW YORK,0.0,No Longer Available,Suspended,2024-01-16 10:30:40 PST
MCC NEW YORK,0.0,No Longer Available,Suspended,2024-01-25 11:49:37 PST
MCC NEW YORK,0.0,,Suspended,2023-10-22 11:38:20 PDT
MCC NEW YORK,0.0,,Suspended,2023-09-28 16:23:48 PDT
MCC NEW YORK,0.0,,Suspended,2023-09-28 07:03:13 PDT
MCC NEW YORK,0.0,,Suspended,2023-09-27 18:38:19 PDT
MCC NEW YORK,0.0,,Suspended,2023-09-27 15:59:54 PDT
MCC NEW YORK,0.0,,Suspended,2023-11-03 16:15:12 PDT
MCC NEW YORK,0.0,,Suspended,2023-10-02 14:31:04 PDT
MCC NEW YORK,0.0,,Suspended,2023-12-13 11:02:40 PST
MCC NEW YORK,0.0,,Suspended,2023-09-27 12:13:49 PDT
MCC NEW YORK,0.0,,Suspended,2023-09-28 10:12:25 PDT
MCC NEW YORK,0.0,,Suspended,2023-11-15 09:44:56 PST
MCC NEW YORK,0.0,,Suspended,2023-12-12 16:44:58 PST
MCC NEW YORK,0.0,,Suspended,2023-09-27 11:16:28 PDT
MCC NEW YORK,0.0,,Suspended,2023-12-11 09:02:15 PST
MCC NEW YORK,0.0,,Suspended,2023-11-12 09:35:18 PST
MCC NEW YORK,0.0,,Suspended,2023-12-20 09:16:18 PST
MCC NEW YORK,0.0,,Suspended,2023-12-08 21:00:48 PST
MCC NEW YORK,0.0,,Suspended,2023-11-13 09:42:06 PST
MCC NEW YORK,0.0,,Suspended,2023-12-29 11:37:43 PST
MCC NEW YORK,0.0,,Suspended,2023-12-29 10:56:09 PST
MCC NEW YORK,0.0,,Suspended,2024-01-08 10:49:40 PST
MCC NEW YORK,0.0,,Suspended,2024-01-09 10:30:01 PST
MCC NEW YORK,0.0,,Suspended,2023-11-21 11:25:51 PST
MCC NEW YORK,0.0,,Suspended,2023-12-22 08:21:49 PST
MCC NEW YORK,0.0,,Suspended,2023-12-07 17:06:42 PST
MCC NEW YORK,0.0,,Suspended,2023-12-28 11:47:53 PST
MCC NEW YORK,0.0,,Suspended,2024-01-02 10:35:53 PST
MCC NEW YORK,0.0,,Suspended,2023-11-10 10:53:27 PST
MCC NEW YORK,0.0,,Suspended,2023-12-18 07:11:06 PST
MCC NEW YORK,0.0,,Suspended,2023-11-27 12:24:52 PST
MCC NEW YORK,0.0,,Suspended,2023-11-28 10:36:25 PST
MCC NEW YORK,0.0,,Suspended,2023-11-22 10:07:20 PST
MCC NEW YORK,0.0,,Suspended,2024-01-05 10:29:17 PST
MCC NEW YORK,0.0,,Suspended,2024-01-04 10:27:52 PST
MCC NEW YORK,0.0,,Suspended,2023-11-26 15:01:30 PST
MCC NEW YORK,0.0,,Suspended,2024-01-03 10:02:08 PST
MCC NEW YORK,0.0,,Suspended,2024-01-07 18:21:55 PST
MCC NEW YORK,0.0,,Suspended,2023-12-01 11:38:25 PST
MCC NEW YORK,0.0,,Suspended,2023-11-30 10:29:02 PST
MCC NEW YORK,0.0,,Suspended,2023-12-04 15:00:47 PST
MCC NEW YORK,0.0,,Suspended,2023-12-05 07:46:20 PST
MCC NEW YORK,0.0,,Suspended,2023-12-03 11:03:07 PST
MCC NEW YORK,,,Suspended,2023-09-27 10:32:22 PDT
MCC New York,0,,Suspended,2023-12-27 10:25:23 PST
